INSERT INTO student (student_id , first_name , middle_name , last_name , gender_mfu , student_address , email_address , cell_mobile_phone , home_phone , other_details) VALUES
(1, 'Lucais', 'Minna', 'Ourtic', 'M', '52263 Schlimgen Junction', 'mourtic0@tiny.cc', '9732284926', '2832670878', 'etiam justo etiam pretium iaculis justo in hac habitasse platea dictumst'),
(2, 'Hyacinth', 'Raimundo', 'Rhucroft', 'M', '3 Riverside Pass', 'rrhucroft1@youtube.com', '7685371256', '7576822765', 'pede malesuada in imperdiet et commodo vulputate justo in blandit ultrices enim'),
(3, 'Vidovik', 'Seth', 'Sayburn', 'M', '97 Novick Center', 'ssayburn2@fema.gov', '1056540947', '1722400988', 'in purus eu magna vulputate luctus cum sociis natoque penatibus et magnis dis parturient'),
(4, 'Debbie', 'Wendall', 'Fessions', 'F', '016 Kingsford Center', 'wfessions3@foxnews.com', '5286680884', '5164792714', 'libero rutrum ac lobortis vel dapibus at diam nam tristique tortor eu pede'),
(5, 'Aida', 'Tades', 'Nuttey', 'M', '04 Moose Court', 'tnuttey4@elpais.com', '1871260758', '9239971906', 'nam dui proin leo odio porttitor id consequat in consequat'),
(6, 'Carmelina', 'Dwain', 'Liepina', 'M', '4436 Sunfield Parkway', 'dliepina5@cpanel.net', '7499359164', '1726243629', 'odio curabitur convallis duis consequat dui nec nisi volutpat eleifend donec ut dolor'),
(7, 'Em', 'Stanton', 'Dietsche', 'M', '32 Buena Vista Center', 'sdietsche6@blinklist.com', '4164556790', '5895334876', 'in sapien iaculis congue vivamus metus arcu adipiscing molestie hendrerit at vulputate vitae nisl'),
(8, 'Ilse', 'Tonia', 'Mighele', 'F', '243 Vernon Street', 'tmighele7@biblegateway.com', '1853438634', '7752628857', 'varius ut blandit non interdum in ante vestibulum ante ipsum primis in faucibus'),
(9, 'Nanine', 'Percy', 'Tinklin', 'M', '9878 Lake View Street', 'ptinklin8@symantec.com', '4577180866', '7161237786', 'vestibulum sit amet cursus id turpis integer aliquet massa id lobortis'),
(10, 'Car', 'Ardelle', 'Orbine', 'F', '009 Roxbury Drive', 'aorbine9@thetimes.co.uk', '5665800955', '8029483057', 'bibendum morbi non quam nec dui luctus rutrum nulla tellus in sagittis dui vel nisl'),
(11, 'Lane', 'Aeriel', 'Rodie', 'F', '804 Summer Ridge Street', 'arodiea@sciencedaily.com', '8646514328', '6245404152', 'platea dictumst etiam faucibus cursus urna ut tellus nulla ut erat id mauris vulputate'),
(12, 'Koressa', 'Kori', 'Grinter', 'F', '53 Hovde Way', 'kgrinterb@bigcartel.com', '7599049763', '9932836716', 'volutpat sapien arcu sed augue aliquam erat volutpat in congue etiam justo etiam pretium'),
(13, 'Marcela', 'Corby', 'Bruggeman', 'F', '3209 Luster Place', 'cbruggemanc@whitehouse.gov', '1238819329', '8231435367', 'cras in purus eu magna vulputate luctus cum sociis natoque penatibus et'),
(14, 'Allison', 'Lammond', 'Beavan', 'M', '2821 Rockefeller Road', 'lbeavand@hibu.com', '9397975447', '1939264386', 'ante vestibulum ante ipsum primis in faucibus orci luctus et ultrices posuere cubilia'),
(15, 'Kennan', 'Nye', 'Mariel', 'F', '7 Johnson Terrace', 'nmariele@nps.gov', '9212998813', '1341554359', 'luctus cum sociis natoque penatibus et magnis dis parturient montes nascetur ridiculus mus'),
(16, 'Arlee', 'Rasia', 'Boyet', 'M', '2947 Stoughton Point', 'rboyetf@irs.gov', '6682646224', '2999605734', 'volutpat quam pede lobortis ligula sit amet eleifend pede libero quis orci nullam molestie nibh'),
(17, 'Samuel', 'Keir', 'Ede', 'F', '98 Melrose Park', 'kedeg@icio.us', '5659096395', '2614797018', 'lacinia sapien quis libero nullam sit amet turpis elementum ligula'),
(18, 'Noami', 'Harold', 'Feronet', 'M', '69782 Beilfuss Drive', 'hferoneth@ed.gov', '6677581609', '6843679043', 'aliquam augue quam sollicitudin vitae consectetuer eget rutrum at lorem integer tincidunt ante'),
(19, 'Jamil', 'Nikki', 'McGeaney', 'F', '6422 Swallow Center', 'nmcgeaneyi@google.de', '6109993995', '6776161705', 'erat eros viverra eget congue eget semper rutrum nulla nunc purus phasellus'),
(20, 'Ricki', 'Lindsy', 'Honniebal', 'F', '529 Loomis Circle', 'lhonniebalj@craigslist.org', '4779098135', '2114902969', 'sit amet eleifend pede libero quis orci nullam molestie nibh in lectus pellentesque at nulla'),
(21, 'Bruce', 'Melita', 'Dunbar', 'M', '169 Service Alley', 'mdunbark@alibaba.com', '2744311388', '3026455615', 'hac habitasse platea dictumst etiam faucibus cursus urna ut tellus nulla ut erat'),
(22, 'Gabriella', 'Brant', 'Calfe', 'F', '1106 Dorton Park', 'bcalfel@360.cn', '5886654401', '2085154303', 'imperdiet sapien urna pretium nisl ut volutpat sapien arcu sed'),
(23, 'Gilly', 'Keary', 'Jiri', 'M', '7 Harbort Lane', 'kjirim@addtoany.com', '4618377930', '4938371447', 'ligula suspendisse ornare consequat lectus in est risus auctor sed'),
(24, 'Bradley', 'Fran', 'Catanheira', 'M', '2631 2nd Junction', 'fcatanheiran@mayoclinic.com', '8837085918', '2654647565', 'maecenas tristique est et tempus semper est quam pharetra magna ac consequat'),
(25, 'Lexi', 'Jolynn', 'Minillo', 'M', '9 Linden Alley', 'jminilloo@opensource.org', '4406270017', '8639188953', 'sit amet cursus id turpis integer aliquet massa id lobortis convallis tortor risus dapibus'),
(26, 'Robers', 'Rene', 'Lilly', 'M', '6337 Forest Dale Way', 'rlillyp@archive.org', '9495028484', '8875504575', 'amet eros suspendisse accumsan tortor quis turpis sed ante vivamus tortor duis'),
(27, 'Helga', 'Marcus', 'Scammell', 'F', '12 Katie Park', 'mscammellq@tiny.cc', '1311457755', '5738252569', 'lacus morbi quis tortor id nulla ultrices aliquet maecenas leo odio'),
(28, 'Desmund', 'Sunny', 'Milson', 'F', '27 Calypso Parkway', 'smilsonr@indiatimes.com', '9631511061', '4879381525', 'quis turpis sed ante vivamus tortor duis mattis egestas metus aenean fermentum'),
(29, 'Lorenza', 'Galen', 'Brunet', 'F', '326 Spenser Junction', 'gbrunets@themeforest.net', '3836099470', '7514624357', 'vel est donec odio justo sollicitudin ut suscipit a feugiat et eros vestibulum ac est'),
(30, 'Neal', 'Cybil', 'Babcock', 'F', '21539 Almo Place', 'cbabcockt@zimbio.com', '3825249712', '1595237328', 'molestie lorem quisque ut erat curabitur gravida nisi at nibh in hac'),
(31, 'Gael', 'Zack', 'Werrilow', 'F', '65355 Arrowood Circle', 'zwerrilowu@google.es', '2758835139', '7017454111', 'eget eleifend luctus ultricies eu nibh quisque id justo sit amet sapien'),
(32, 'Simon', 'Buddie', 'Kitchingman', 'M', '5 Thierer Terrace', 'bkitchingmanv@narod.ru', '6711965455', '4838499589', 'orci nullam molestie nibh in lectus pellentesque at nulla suspendisse potenti'),
(33, 'Spenser', 'Paxon', 'Cleere', 'F', '8 Michigan Crossing', 'pcleerew@i2i.jp', '9088035025', '1407239587', 'justo pellentesque viverra pede ac diam cras pellentesque volutpat dui maecenas tristique'),
(34, 'Gretel', 'Tabby', 'Trass', 'M', '26 Bashford Way', 'ttrassx@github.com', '6903394160', '3855926257', 'vitae mattis nibh ligula nec sem duis aliquam convallis nunc proin'),
(35, 'Ardelia', 'Meta', 'Ruscoe', 'F', '1 Manitowish Crossing', 'mruscoey@census.gov', '2272926108', '3662655457', 'nulla suspendisse potenti cras in purus eu magna vulputate luctus cum sociis natoque penatibus'),
(36, 'Quincey', 'Leonardo', 'Yitshak', 'F', '54 Cascade Junction', 'lyitshakz@weibo.com', '8086406176', '8957856658', 'nulla suspendisse potenti cras in purus eu magna vulputate luctus cum sociis natoque'),
(37, 'Jilli', 'Sadye', 'Huddlestone', 'M', '0278 Clove Court', 'shuddlestone10@diigo.com', '9309958160', '2976592045', 'iaculis diam erat fermentum justo nec condimentum neque sapien placerat ante'),
(38, 'Sheena', 'Betsey', 'Likely', 'F', '04 Chinook Park', 'blikely11@chicagotribune.com', '9902609509', '1141813612', 'morbi a ipsum integer a nibh in quis justo maecenas rhoncus aliquam lacus'),
(39, 'Lin', 'Kleon', 'Lavis', 'M', '177 Cambridge Way', 'klavis12@cnet.com', '4517958960', '1158373817', 'in porttitor pede justo eu massa donec dapibus duis at'),
(40, 'Vally', 'Flem', 'Fairholme', 'F', '4109 Autumn Leaf Parkway', 'ffairholme13@facebook.com', '1481887562', '4222864845', 'penatibus et magnis dis parturient montes nascetur ridiculus mus etiam vel augue vestibulum'),
(41, 'Jory', 'Cristen', 'Batcheldor', 'F', '6 Cottonwood Court', 'cbatcheldor14@latimes.com', '1689357022', '7019458512', 'tincidunt ante vel ipsum praesent blandit lacinia erat vestibulum sed magna at'),
(42, 'Calv', 'Cindy', 'Broker', 'M', '507 Northport Trail', 'cbroker15@indiegogo.com', '7588262968', '3463562213', 'integer non velit donec diam neque vestibulum eget vulputate ut ultrices vel'),
(43, 'Shelley', 'Reuben', 'Gasperi', 'F', '33 5th Drive', 'rgasperi16@miitbeian.gov.cn', '7157406445', '1509398740', 'posuere nonummy integer non velit donec diam neque vestibulum eget vulputate'),
(44, 'Isidora', 'Damaris', 'MacCarrane', 'M', '412 Green Ridge Terrace', 'dmaccarrane17@sciencedaily.com', '5705315998', '9997258031', 'quam turpis adipiscing lorem vitae mattis nibh ligula nec sem duis'),
(45, 'Kimbell', 'Marlo', 'Doerrling', 'F', '0948 Superior Pass', 'mdoerrling18@slideshare.net', '8456254510', '1162044437', 'libero nam dui proin leo odio porttitor id consequat in'),
(46, 'Clemente', 'Adore', 'Rilston', 'F', '4 Maple Wood Place', 'arilston19@gravatar.com', '7197688685', '5374808033', 'sit amet consectetuer adipiscing elit proin interdum mauris non ligula pellentesque ultrices'),
(47, 'Odo', 'Marlowe', 'Matuszyk', 'F', '54076 Butternut Avenue', 'mmatuszyk1a@bravesites.com', '5732332181', '6832935791', 'nec molestie sed justo pellentesque viverra pede ac diam cras'),
(48, 'Teddi', 'Bentley', 'Czajka', 'F', '47 Colorado Parkway', 'bczajka1b@disqus.com', '4571418538', '1947431141', 'condimentum curabitur in libero ut massa volutpat convallis morbi odio'),
(49, 'Nels', 'Nathanael', 'Bowkley', 'M', '8 Redwing Drive', 'nbowkley1c@flickr.com', '4324911808', '7052839332', 'quis justo maecenas rhoncus aliquam lacus morbi quis tortor id nulla'),
(50, 'Luciana', 'Vinni', 'Hannis', 'F', '83 Graceland Court', 'vhannis1d@loc.gov', '8309344065', '2702493245', 'nunc proin at turpis a pede posuere nonummy integer non velit donec diam neque'),
(51, 'Briano', 'Rey', 'Ahrendsen', 'M', '160 Fremont Terrace', 'rahrendsen1e@merriam-webster.com', '9143309175', '4076906032', 'at velit eu est congue elementum in hac habitasse platea dictumst morbi vestibulum velit'),
(52, 'Erskine', 'Ev', 'Easterby', 'M', '63271 Elgar Court', 'eeasterby1f@merriam-webster.com', '5194475831', '9595817149', 'id lobortis convallis tortor risus dapibus augue vel accumsan tellus nisi eu orci'),
(53, 'Janel', 'Astrid', 'Rodd', 'M', '8 Mallard Avenue', 'arodd1g@drupal.org', '2218509714', '7131610617', 'dolor morbi vel lectus in quam fringilla rhoncus mauris enim leo rhoncus sed'),
(54, 'Florry', 'Leonid', 'Newlove', 'M', '4 Graedel Alley', 'lnewlove1h@privacy.gov.au', '3068255462', '7023920014', 'vestibulum sit amet cursus id turpis integer aliquet massa id lobortis convallis'),
(55, 'Sibyl', 'Goldy', 'Meneux', 'F', '7 Forest Trail', 'gmeneux1i@youtube.com', '1733103737', '9727325654', 'ac leo pellentesque ultrices mattis odio donec vitae nisi nam ultrices libero non mattis'),
(56, 'Pasquale', 'Bernete', 'Tunuy', 'F', '3 Kennedy Way', 'btunuy1j@auda.org.au', '9244156980', '5861408636', 'lobortis ligula sit amet eleifend pede libero quis orci nullam molestie nibh in lectus'),
(57, 'Viviyan', 'Giulio', 'Bonfield', 'M', '73148 Judy Parkway', 'gbonfield1k@amazon.co.uk', '7056675610', '5282893382', 'nulla eget eros elementum pellentesque quisque porta volutpat erat quisque erat eros viverra'),
(58, 'Jonah', 'Ingaborg', 'Hought', 'F', '45 Calypso Place', 'ihought1l@scribd.com', '5728763407', '4027866416', 'diam in magna bibendum imperdiet nullam orci pede venenatis non sodales sed tincidunt eu'),
(59, 'Cheryl', 'Waiter', 'Whiteson', 'M', '99874 Badeau Pass', 'wwhiteson1m@netvibes.com', '5565004884', '3256437976', 'non pretium quis lectus suspendisse potenti in eleifend quam a'),
(60, 'Kali', 'Rozella', 'Malmar', 'F', '5917 Mcbride Terrace', 'rmalmar1n@soundcloud.com', '2466631213', '8144393371', 'auctor sed tristique in tempus sit amet sem fusce consequat'),
(61, 'Augusta', 'Morton', 'Haresnaip', 'F', '30 Burning Wood Place', 'mharesnaip1o@engadget.com', '5357567581', '8498648469', 'turpis sed ante vivamus tortor duis mattis egestas metus aenean fermentum'),
(62, 'Hanan', 'Brenn', 'Giacobbo', 'M', '4 Claremont Junction', 'bgiacobbo1p@last.fm', '6193998180', '9831931915', 'id lobortis convallis tortor risus dapibus augue vel accumsan tellus nisi eu orci mauris'),
(63, 'Mickie', 'Oliver', 'Grinval', 'F', '9743 Steensland Plaza', 'ogrinval1q@blogger.com', '4205936615', '5272458913', 'ligula nec sem duis aliquam convallis nunc proin at turpis a pede posuere nonummy'),
(64, 'Marcella', 'Wilow', 'Fossett', 'F', '70 Jenna Avenue', 'wfossett1r@networksolutions.com', '6767538369', '5763922608', 'sapien cursus vestibulum proin eu mi nulla ac enim in tempor turpis'),
(65, 'Kip', 'Pauline', 'Caldaro', 'F', '981 Sherman Junction', 'pcaldaro1s@ft.com', '5915180520', '5504542344', 'ut rhoncus aliquet pulvinar sed nisl nunc rhoncus dui vel sem sed sagittis'),
(66, 'Dodie', 'Octavius', 'Trythall', 'M', '004 Bunting Plaza', 'otrythall1t@skyrock.com', '7369809006', '6834008675', 'eu tincidunt in leo maecenas pulvinar lobortis est phasellus sit amet erat'),
(67, 'Mara', 'Adriaens', 'Renak', 'F', '93 Golf View Drive', 'arenak1u@gizmodo.com', '3255042625', '7154512312', 'vestibulum proin eu mi nulla ac enim in tempor turpis nec euismod'),
(68, 'Jeane', 'Dunc', 'Gaw', 'M', '0781 Brickson Park Hill', 'dgaw1v@geocities.com', '2408902970', '3872243138', 'nunc donec quis orci eget orci vehicula condimentum curabitur in libero ut massa'),
(69, 'Evangelin', 'Valma', 'Zumbusch', 'M', '45 South Center', 'vzumbusch1w@va.gov', '2359253490', '9159618440', 'phasellus in felis donec semper sapien a libero nam dui proin'),
(70, 'Kerk', 'Vivie', 'Blackford', 'F', '39 Fordem Street', 'vblackford1x@studiopress.com', '4948910644', '1124702016', 'suspendisse potenti nullam porttitor lacus at turpis donec posuere metus'),
(71, 'Sean', 'Rutter', 'Leahy', 'M', '999 Southridge Circle', 'rleahy1y@columbia.edu', '6386680007', '6036891349', 'velit nec nisi vulputate nonummy maecenas tincidunt lacus at velit'),
(72, 'Torie', 'Lorettalorna', 'Trowbridge', 'F', '772 2nd Avenue', 'ltrowbridge1z@nyu.edu', '3221345103', '3326079842', 'nonummy integer non velit donec diam neque vestibulum eget vulputate ut ultrices vel augue vestibulum'),
(73, 'Kristine', 'Tonye', 'Mohun', 'M', '68 Monica Junction', 'tmohun20@narod.ru', '9103124615', '7054342395', 'integer ac neque duis bibendum morbi non quam nec dui luctus rutrum nulla'),
(74, 'Merrill', 'Pennie', 'Chattelaine', 'M', '2268 Dayton Parkway', 'pchattelaine21@oracle.com', '6959242831', '1331334425', 'luctus et ultrices posuere cubilia curae nulla dapibus dolor vel est donec odio'),
(75, 'Luis', 'Lucille', 'Kinchlea', 'F', '3221 Lerdahl Way', 'lkinchlea22@dailymail.co.uk', '7429748557', '2115697034', 'phasellus id sapien in sapien iaculis congue vivamus metus arcu adipiscing molestie hendrerit at'),
(76, 'Damara', 'Pet', 'Hehl', 'F', '72710 Dovetail Road', 'phehl23@blogger.com', '7694775728', '8499954988', 'quisque ut erat curabitur gravida nisi at nibh in hac habitasse platea dictumst aliquam augue'),
(77, 'Mick', 'Arie', 'Naper', 'M', '006 Ridgeview Road', 'anaper24@noaa.gov', '1857467089', '9391285682', 'porttitor id consequat in consequat ut nulla sed accumsan felis ut at dolor quis'),
(78, 'Sergent', 'Othelia', 'Tudhope', 'M', '73028 Kipling Street', 'otudhope25@xrea.com', '6741792258', '8816677662', 'leo pellentesque ultrices mattis odio donec vitae nisi nam ultrices libero non'),
(79, 'Clo', 'Stern', 'Rother', 'F', '7 Maryland Street', 'srother26@bizjournals.com', '6991371276', '6957131072', 'metus aenean fermentum donec ut mauris eget massa tempor convallis nulla neque libero'),
(80, 'Aprilette', 'Harmonia', 'Dolton', 'F', '4083 Havey Avenue', 'hdolton27@sina.com.cn', '5087710949', '2069409911', 'leo rhoncus sed vestibulum sit amet cursus id turpis integer aliquet massa'),
(81, 'Alessandra', 'Barnebas', 'Gandley', 'F', '7 Porter Street', 'bgandley28@imageshack.us', '9148492458', '1064029567', 'sapien varius ut blandit non interdum in ante vestibulum ante ipsum primis in faucibus orci'),
(82, 'Pembroke', 'Buddy', 'Dodman', 'M', '6 Brown Trail', 'bdodman29@dmoz.org', '5426114098', '4816416866', 'in tempor turpis nec euismod scelerisque quam turpis adipiscing lorem vitae mattis nibh ligula'),
(83, 'Star', 'Abbot', 'Yockney', 'F', '4 Prairie Rose Center', 'ayockney2a@archive.org', '7761389122', '4514538830', 'integer ac leo pellentesque ultrices mattis odio donec vitae nisi nam ultrices libero'),
(84, 'Ondrea', 'Rourke', 'Harner', 'F', '05 Manley Road', 'rharner2b@mediafire.com', '6211227918', '6956349486', 'dapibus dolor vel est donec odio justo sollicitudin ut suscipit a'),
(85, 'Karol', 'Cassy', 'Kniveton', 'M', '04 Twin Pines Point', 'ckniveton2c@independent.co.uk', '5554797668', '3562490717', 'luctus ultricies eu nibh quisque id justo sit amet sapien dignissim vestibulum vestibulum'),
(86, 'Roseanna', 'Donny', 'Loader', 'F', '49 Saint Paul Lane', 'dloader2d@answers.com', '5258016119', '1068983186', 'ac neque duis bibendum morbi non quam nec dui luctus rutrum'),
(87, 'Jenilee', 'Sandie', 'Fidal', 'F', '21003 Moose Parkway', 'sfidal2e@joomla.org', '5364929905', '9172257609', 'turpis donec posuere metus vitae ipsum aliquam non mauris morbi non lectus aliquam sit'),
(88, 'Jenda', 'Nan', 'Grannell', 'M', '6 Mariners Cove Point', 'ngrannell2f@icio.us', '7178638297', '2104606580', 'vestibulum ante ipsum primis in faucibus orci luctus et ultrices posuere cubilia curae mauris'),
(89, 'Jacquenetta', 'Ursulina', 'Ethridge', 'M', '2190 Novick Terrace', 'uethridge2g@vinaora.com', '7392606327', '9315088291', 'lacinia aenean sit amet justo morbi ut odio cras mi'),
(90, 'Tally', 'Nancey', 'McMychem', 'M', '4 Summerview Lane', 'nmcmychem2h@bloomberg.com', '5186523530', '6411443614', 'sit amet justo morbi ut odio cras mi pede malesuada in imperdiet et commodo'),
(91, 'Taddeusz', 'Shannen', 'Meriguet', 'M', '26 Paget Point', 'smeriguet2i@upenn.edu', '3056493204', '1903297', 'libero convallis eget eleifend luctus ultricies eu nibh quisque id justo sit'),
(92, 'Wendye', 'Harmon', 'Drayton', 'F', '6523 Parkside Way', 'hdrayton2j@ucoz.com', '9942839420', '9172026496', 'nulla justo aliquam quis turpis eget elit sodales scelerisque mauris sit amet'),
(93, 'Hamnet', 'Ulick', 'Janman', 'M', '67353 Crescent Oaks Junction', 'ujanman2k@chronoengine.com', '7141256237', '9392969214', 'magnis dis parturient montes nascetur ridiculus mus etiam vel augue vestibulum rutrum rutrum'),
(94, 'Perice', 'Delila', 'Bugdall', 'M', '81944 Summerview Place', 'dbugdall2l@cnet.com', '8062156577', '5743858559', 'id massa id nisl venenatis lacinia aenean sit amet justo'),
(95, 'Elsbeth', 'Arlen', 'Duferie', 'M', '9 Hansons Park', 'aduferie2m@ft.com', '4006122141', '7983601291', 'cursus id turpis integer aliquet massa id lobortis convallis tortor risus dapibus augue'),
(96, 'Renaud', 'Susette', 'Tyght', 'F', '063 Shoshone Court', 'styght2n@apache.org', '5777565232', '6197055744', 'tempus vel pede morbi porttitor lorem id ligula suspendisse ornare'),
(97, 'Hatti', 'Timothea', 'Rosenkrantz', 'M', '07 6th Street', 'trosenkrantz2o@indiatimes.com', '2125569449', '9618167240', 'massa id lobortis convallis tortor risus dapibus augue vel accumsan tellus nisi eu'),
(98, 'Katine', 'Dall', 'Moncreiffe', 'F', '97613 Gateway Street', 'dmoncreiffe2p@theglobeandmail.com', '3326400485', '3798426566', 'adipiscing elit proin risus praesent lectus vestibulum quam sapien varius ut blandit non'),
(99, 'Muire', 'Clayton', 'Houseman', 'M', '57799 Gulseth Crossing', 'chouseman2q@archive.org', '3806296863', '9187924548', 'massa tempor convallis nulla neque libero convallis eget eleifend luctus ultricies eu nibh quisque'),
(100, 'Corri', 'Griz', 'Bantham', 'F', '5 Gateway Point', 'gbantham2r@wsj.com', '9477383528', '7996571946', 'pellentesque at nulla suspendisse potenti cras in purus eu magna vulputate luctus cum sociis natoque'),
(101, 'Brandi', 'Violante', 'Dallaghan', 'F', '727 Almo Terrace', 'vdallaghan2s@spotify.com', '5314186574', '4419632157', 'praesent blandit lacinia erat vestibulum sed magna at nunc commodo placerat praesent blandit'),
(102, 'Dorita', 'Kyla', 'Tremblay', 'F', '07332 Garrison Park', 'ktremblay2t@blinklist.com', '2821825609', '4109095094', 'nec condimentum neque sapien placerat ante nulla justo aliquam quis turpis eget'),
(103, 'Bekki', 'Garrek', 'Mordacai', 'M', '72563 Esker Court', 'gmordacai2u@google.com.br', '1572568710', '3001930933', 'quis augue luctus tincidunt nulla mollis molestie lorem quisque ut erat curabitur gravida nisi at'),
(104, 'Nikki', 'Westbrook', 'Gilhouley', 'M', '069 Scoville Terrace', 'wgilhouley2v@flickr.com', '3052947017', '5175964189', 'rutrum nulla nunc purus phasellus in felis donec semper sapien a libero'),
(105, 'Fawne', 'Marjorie', 'Trobe', 'M', '00 Utah Alley', 'mtrobe2w@github.com', '8778657103', '9049456412', 'rutrum nulla nunc purus phasellus in felis donec semper sapien'),
(106, 'Ahmad', 'Iorgo', 'Kick', 'F', '8 Cordelia Junction', 'ikick2x@amazon.de', '3873916956', '6048981193', 'neque aenean auctor gravida sem praesent id massa id nisl venenatis lacinia aenean sit amet'),
(107, 'Norry', 'Rana', 'Lachaize', 'M', '18 Jay Center', 'rlachaize2y@jiathis.com', '7447369907', '9706403773', 'pede ullamcorper augue a suscipit nulla elit ac nulla sed vel enim sit amet'),
(108, 'Lorene', 'Cos', 'Morffew', 'F', '0 Heffernan Crossing', 'cmorffew2z@columbia.edu', '9859011329', '7798374552', 'nec nisi vulputate nonummy maecenas tincidunt lacus at velit vivamus'),
(109, 'Lenci', 'Meris', 'Olesen', 'F', '05 Westend Place', 'molesen30@ask.com', '5825335146', '4844003405', 'mauris vulputate elementum nullam varius nulla facilisi cras non velit'),
(110, 'Inness', 'Case', 'Watchorn', 'M', '0235 East Plaza', 'cwatchorn31@adobe.com', '3128993151', '6421186694', 'eu interdum eu tincidunt in leo maecenas pulvinar lobortis est phasellus sit'),
(111, 'Maryanne', 'Allyn', 'Genery', 'M', '232 Cascade Parkway', 'agenery32@oaic.gov.au', '1624363001', '5595459513', 'sed ante vivamus tortor duis mattis egestas metus aenean fermentum donec ut mauris eget'),
(112, 'Juliana', 'Antonin', 'Lauthian', 'F', '236 Westport Terrace', 'alauthian33@icio.us', '5277441501', '6507304022', 'mi sit amet lobortis sapien sapien non mi integer ac neque duis bibendum'),
(113, 'Catlaina', 'Karissa', 'Lambard', 'M', '124 Scoville Circle', 'klambard34@usda.gov', '6011258354', '2304199816', 'cras non velit nec nisi vulputate nonummy maecenas tincidunt lacus'),
(114, 'Nathanial', 'Willis', 'Wike', 'F', '9928 Becker Center', 'wwike35@economist.com', '5709556597', '7029101901', 'habitasse platea dictumst aliquam augue quam sollicitudin vitae consectetuer eget rutrum at lorem integer'),
(115, 'Bentley', 'Deanne', 'Paulsen', 'M', '953 Talmadge Point', 'dpaulsen36@latimes.com', '6445670769', '4275855282', 'praesent lectus vestibulum quam sapien varius ut blandit non interdum in ante'),
(116, 'Clementius', 'Merrily', 'Fetteplace', 'M', '94 Beilfuss Hill', 'mfetteplace37@acquirethisname.com', '4893004323', '5641703481', 'sed ante vivamus tortor duis mattis egestas metus aenean fermentum donec ut mauris'),
(117, 'Elaine', 'Garrik', 'Boshard', 'F', '02 Magdeline Drive', 'gboshard38@liveinternet.ru', '5389401638', '2936982278', 'id justo sit amet sapien dignissim vestibulum vestibulum ante ipsum primis in faucibus orci'),
(118, 'Ivan', 'Dita', 'Imesen', 'F', '37 Buell Park', 'dimesen39@time.com', '3824013602', '5168708381', 'libero quis orci nullam molestie nibh in lectus pellentesque at nulla suspendisse potenti cras in'),
(119, 'Celka', 'Krysta', 'MacFayden', 'M', '42910 Northridge Point', 'kmacfayden3a@bandcamp.com', '1283985303', '1182423035', 'dictumst morbi vestibulum velit id pretium iaculis diam erat fermentum justo nec'),
(120, 'Lizzy', 'Evey', 'Trays', 'F', '999 Lotheville Court', 'etrays3b@theguardian.com', '8518186916', '5179974333', 'elementum in hac habitasse platea dictumst morbi vestibulum velit id pretium iaculis diam'),
(121, 'Corinne', 'Karen', 'Outibridge', 'M', '7 Gerald Terrace', 'koutibridge3c@xing.com', '8246350048', '3613773853', 'accumsan tortor quis turpis sed ante vivamus tortor duis mattis egestas metus aenean fermentum'),
(122, 'Doug', 'Gussie', 'Burr', 'M', '20 Hoard Road', 'gburr3d@weather.com', '7222609137', '8653437728', 'cras in purus eu magna vulputate luctus cum sociis natoque penatibus'),
(123, 'Emile', 'Melisent', 'Jerok', 'F', '0 Browning Plaza', 'mjerok3e@goodreads.com', '2181245415', '8564258251', 'maecenas tincidunt lacus at velit vivamus vel nulla eget eros elementum pellentesque'),
(124, 'Elijah', 'Ignazio', 'Kittley', 'M', '97623 Arapahoe Crossing', 'ikittley3f@bluehost.com', '8672579514', '3149223995', 'nisi nam ultrices libero non mattis pulvinar nulla pede ullamcorper augue a'),
(125, 'Shelli', 'Indira', 'Zorzi', 'M', '88 Iowa Center', 'izorzi3g@google.nl', '5958363804', '8607595200', 'libero convallis eget eleifend luctus ultricies eu nibh quisque id justo sit amet sapien dignissim'),
(126, 'Ciro', 'Marci', 'Baudic', 'M', '00 Boyd Place', 'mbaudic3h@ezinearticles.com', '7739766465', '6163270126', 'augue aliquam erat volutpat in congue etiam justo etiam pretium'),
(127, 'Clemence', 'Malchy', 'Layhe', 'F', '77725 Superior Park', 'mlayhe3i@who.int', '4659513485', '5783395019', 'sed justo pellentesque viverra pede ac diam cras pellentesque volutpat dui maecenas tristique'),
(128, 'Giselbert', 'Lorant', 'Ostick', 'F', '43 High Crossing Junction', 'lostick3j@aol.com', '5203021374', '4588013675', 'posuere cubilia curae mauris viverra diam vitae quam suspendisse potenti nullam porttitor lacus at turpis'),
(129, 'Mozes', 'Brenda', 'Laughton', 'F', '63 Stephen Alley', 'blaughton3k@smh.com.au', '7812994766', '7894943459', 'a pede posuere nonummy integer non velit donec diam neque vestibulum eget vulputate'),
(130, 'Raul', 'Marjie', 'Witcomb', 'M', '18 Macpherson Place', 'mwitcomb3l@rediff.com', '5075693618', '9428135984', 'nulla elit ac nulla sed vel enim sit amet nunc'),
(131, 'Deck', 'Hamilton', 'Symper', 'M', '476 Rigney Pass', 'hsymper3m@dagondesign.com', '1503037943', '5854846540', 'primis in faucibus orci luctus et ultrices posuere cubilia curae mauris'),
(132, 'Pen', 'Ange', 'Maskelyne', 'M', '838 Porter Terrace', 'amaskelyne3n@drupal.org', '2844199188', '9897609650', 'eros vestibulum ac est lacinia nisi venenatis tristique fusce congue diam id'),
(133, 'Louis', 'Kath', 'Andriessen', 'F', '076 Hagan Parkway', 'kandriessen3o@wired.com', '1395851774', '1817217499', 'mauris lacinia sapien quis libero nullam sit amet turpis elementum ligula'),
(134, 'Neely', 'Latrena', 'Eccersley', 'F', '786 Schmedeman Court', 'leccersley3p@exblog.jp', '3684476868', '4209719881', 'donec vitae nisi nam ultrices libero non mattis pulvinar nulla'),
(135, 'Tomaso', 'Bourke', 'Scamaden', 'M', '83 Hazelcrest Drive', 'bscamaden3q@live.com', '5869652393', '8638142831', 'elit sodales scelerisque mauris sit amet eros suspendisse accumsan tortor quis turpis sed ante vivamus'),
(136, 'Brok', 'Livia', 'Revey', 'F', '197 Washington Junction', 'lrevey3r@tripod.com', '7486873995', '6674755862', 'sem sed sagittis nam congue risus semper porta volutpat quam pede lobortis ligula sit'),
(137, 'Julius', 'Rebeca', 'Fermoy', 'F', '1 Aberg Court', 'rfermoy3s@jalbum.net', '3403830767', '9716768473', 'vel nisl duis ac nibh fusce lacus purus aliquet at feugiat non'),
(138, 'Blondelle', 'Dorine', 'McDaid', 'F', '7 Surrey Avenue', 'dmcdaid3t@ox.ac.uk', '4655441004', '7547898604', 'pede libero quis orci nullam molestie nibh in lectus pellentesque at nulla suspendisse potenti'),
(139, 'Fin', 'Armando', 'Reihill', 'F', '46236 Erie Crossing', 'areihill3u@examiner.com', '3294495884', '9167208649', 'in lacus curabitur at ipsum ac tellus semper interdum mauris ullamcorper purus sit amet'),
(140, 'Benedict', 'Abran', 'Blinman', 'M', '0893 Talisman Lane', 'ablinman3v@desdev.cn', '8554661489', '2852109462', 'lorem ipsum dolor sit amet consectetuer adipiscing elit proin interdum'),
(141, 'Matilda', 'Job', 'Heale', 'F', '3 Scott Street', 'jheale3w@smh.com.au', '4821948681', '5975554602', 'ut tellus nulla ut erat id mauris vulputate elementum nullam varius nulla'),
(142, 'Zsazsa', 'Royce', 'Nockolds', 'F', '0865 Eagle Crest Terrace', 'rnockolds3x@jiathis.com', '2749337577', '9463390007', 'lacus morbi quis tortor id nulla ultrices aliquet maecenas leo odio condimentum id'),
(143, 'Koenraad', 'Jonas', 'McLennan', 'M', '31396 Glendale Junction', 'jmclennan3y@nsw.gov.au', '4781843732', '7406289276', 'erat curabitur gravida nisi at nibh in hac habitasse platea'),
(144, 'Stacie', 'Zilvia', 'Baulcombe', 'F', '3888 Basil Point', 'zbaulcombe3z@pinterest.com', '8596449521', '8497638785', 'pharetra magna ac consequat metus sapien ut nunc vestibulum ante ipsum primis in'),
(145, 'Winston', 'Missie', 'Coltart', 'M', '45 Lakewood Gardens Place', 'mcoltart40@archive.org', '4057686170', '7457042404', 'quis orci eget orci vehicula condimentum curabitur in libero ut massa volutpat convallis morbi odio'),
(146, 'Rheta', 'Winn', 'Edmeades', 'F', '190 Dorton Avenue', 'wedmeades41@theguardian.com', '2167413005', '7682119761', 'curae nulla dapibus dolor vel est donec odio justo sollicitudin ut suscipit a'),
(147, 'Inessa', 'Grethel', 'Lowde', 'F', '5 Armistice Pass', 'glowde42@nsw.gov.au', '3315767893', '7798629197', 'justo sollicitudin ut suscipit a feugiat et eros vestibulum ac est lacinia nisi'),
(148, 'Adelaide', 'Walliw', 'Cant', 'F', '2754 Amoth Crossing', 'wcant43@disqus.com', '6177602421', '3228761358', 'morbi ut odio cras mi pede malesuada in imperdiet et commodo'),
(149, 'Siusan', 'Elwood', 'Vandrill', 'F', '1 Maryland Terrace', 'evandrill44@tinypic.com', '7901483446', '7122756126', 'ac leo pellentesque ultrices mattis odio donec vitae nisi nam ultrices libero'),
(150, 'Roley', 'Beverly', 'Anlay', 'F', '7262 Arapahoe Road', 'banlay45@columbia.edu', '4785363494', '9625325100', 'est risus auctor sed tristique in tempus sit amet sem fusce consequat nulla nisl nunc'),
(151, 'Henka', 'Hank', 'Guillot', 'F', '3758 Sundown Court', 'hguillot46@si.edu', '8999526194', '1193240355', 'morbi odio odio elementum eu interdum eu tincidunt in leo maecenas pulvinar'),
(152, 'Mignonne', 'Chance', 'Elliff', 'M', '446 Nelson Circle', 'celliff47@discovery.com', '8942144930', '5659102948', 'auctor sed tristique in tempus sit amet sem fusce consequat nulla nisl nunc nisl duis'),
(153, 'Rochette', 'Yetta', 'Floweth', 'F', '34 Menomonie Pass', 'yfloweth48@symantec.com', '3891738012', '8712814398', 'consequat dui nec nisi volutpat eleifend donec ut dolor morbi vel lectus in quam'),
(154, 'Fedora', 'Catherina', 'Edling', 'F', '36245 Old Shore Hill', 'cedling49@soundcloud.com', '2684754213', '9371222416', 'in libero ut massa volutpat convallis morbi odio odio elementum'),
(155, 'Monica', 'Darice', 'Cummings', 'F', '612 Emmet Trail', 'dcummings4a@gravatar.com', '7658610583', '1757566516', 'ultrices aliquet maecenas leo odio condimentum id luctus nec molestie sed justo pellentesque viverra pede'),
(156, 'Elisabetta', 'Thorsten', 'Leaming', 'F', '55022 Golf Park', 'tleaming4b@tamu.edu', '4539441776', '1695086197', 'habitasse platea dictumst morbi vestibulum velit id pretium iaculis diam erat'),
(157, 'Harriette', 'Armstrong', 'Eakeley', 'F', '78 Northfield Junction', 'aeakeley4c@rediff.com', '5728690595', '3757004825', 'sodales scelerisque mauris sit amet eros suspendisse accumsan tortor quis turpis sed ante vivamus tortor'),
(158, 'Jeanine', 'Benedikta', 'Tomblings', 'M', '82692 6th Circle', 'btomblings4d@admin.ch', '8495872462', '7774372087', 'donec ut mauris eget massa tempor convallis nulla neque libero convallis eget'),
(159, 'Ethan', 'Jackelyn', 'Hallgath', 'M', '5827 Oriole Junction', 'jhallgath4e@yahoo.com', '5481659698', '5319539645', 'quam pede lobortis ligula sit amet eleifend pede libero quis'),
(160, 'Shaina', 'Atalanta', 'Fabbri', 'F', '0 Hanson Court', 'afabbri4f@house.gov', '3515080083', '4803971943', 'justo morbi ut odio cras mi pede malesuada in imperdiet et commodo vulputate justo'),
(161, 'Amandi', 'Antoni', 'Todhunter', 'M', '79166 Victoria Junction', 'atodhunter4g@simplemachines.org', '6836955110', '6878793562', 'pede ac diam cras pellentesque volutpat dui maecenas tristique est et tempus semper est'),
(162, 'Wynn', 'Brandice', 'Hutfield', 'M', '7 Rigney Crossing', 'bhutfield4h@washingtonpost.com', '2842582817', '2286466891', 'cubilia curae nulla dapibus dolor vel est donec odio justo sollicitudin ut'),
(163, 'Zebulon', 'Colver', 'Immings', 'M', '5187 Dwight Drive', 'cimmings4i@seesaa.net', '2542924773', '4038461568', 'cum sociis natoque penatibus et magnis dis parturient montes nascetur ridiculus mus etiam vel'),
(164, 'Wain', 'Alyda', 'Chidlow', 'M', '2948 Oneill Park', 'achidlow4j@whitehouse.gov', '3378514090', '7024400086', 'ipsum ac tellus semper interdum mauris ullamcorper purus sit amet nulla'),
(165, 'Nye', 'Cally', 'Benedetti', 'M', '8 Dixon Trail', 'cbenedetti4k@apache.org', '2773757023', '1327423599', 'semper rutrum nulla nunc purus phasellus in felis donec semper'),
(166, 'Liesa', 'Bev', 'Glazyer', 'F', '92738 Pine View Crossing', 'bglazyer4l@dell.com', '8417086780', '9569636798', 'feugiat non pretium quis lectus suspendisse potenti in eleifend quam a odio in'),
(167, 'Clare', 'Lainey', 'Klemps', 'M', '95541 Reinke Parkway', 'lklemps4m@howstuffworks.com', '9944560032', '6146303405', 'vitae nisi nam ultrices libero non mattis pulvinar nulla pede ullamcorper augue a suscipit'),
(168, 'Emily', 'Margret', 'Grisard', 'M', '84002 Mockingbird Trail', 'mgrisard4n@xrea.com', '8046990503', '6425117318', 'pede morbi porttitor lorem id ligula suspendisse ornare consequat lectus in est risus auctor sed'),
(169, 'Xylina', 'Dianna', 'Hainning', 'M', '99 East Parkway', 'dhainning4o@lycos.com', '6862461519', '4195491174', 'nisl nunc nisl duis bibendum felis sed interdum venenatis turpis enim blandit mi in porttitor'),
(170, 'Darin', 'Francisca', 'Thombleson', 'M', '47016 Johnson Point', 'fthombleson4p@epa.gov', '3607814714', '5956509131', 'eleifend pede libero quis orci nullam molestie nibh in lectus pellentesque'),
(171, 'Livvie', 'Mariellen', 'Abrams', 'M', '9 Basil Street', 'mabrams4q@google.pl', '1547087781', '7337556839', 'ultrices posuere cubilia curae mauris viverra diam vitae quam suspendisse potenti'),
(172, 'Horten', 'Marven', 'Stacey', 'F', '502 Banding Center', 'mstacey4r@wordpress.org', '5828842199', '5813948683', 'at lorem integer tincidunt ante vel ipsum praesent blandit lacinia erat vestibulum sed'),
(173, 'Tildie', 'Fallon', 'Killiner', 'F', '243 Graceland Court', 'fkilliner4s@squarespace.com', '5215403987', '2823208031', 'elementum eu interdum eu tincidunt in leo maecenas pulvinar lobortis est'),
(174, 'Eugen', 'Marcelo', 'Whyatt', 'F', '96 Waxwing Way', 'mwhyatt4t@oracle.com', '8538095168', '1679549562', 'congue vivamus metus arcu adipiscing molestie hendrerit at vulputate vitae'),
(175, 'Ladonna', 'Janet', 'Byllam', 'F', '840 Sheridan Terrace', 'jbyllam4u@squidoo.com', '3308270261', '7453765161', 'nec euismod scelerisque quam turpis adipiscing lorem vitae mattis nibh ligula nec'),
(176, 'Carl', 'Codi', 'O''Deegan', 'F', '6 Dayton Way', 'codeegan4v@sciencedaily.com', '2364453407', '1127733386', 'vestibulum velit id pretium iaculis diam erat fermentum justo nec condimentum neque'),
(177, 'Georgeanne', 'Frankie', 'Lebarree', 'M', '27 Sheridan Junction', 'flebarree4w@ucla.edu', '9408066539', '2263997458', 'dictumst aliquam augue quam sollicitudin vitae consectetuer eget rutrum at lorem integer tincidunt'),
(178, 'Oriana', 'Patrizius', 'Migheli', 'F', '539 Anzinger Pass', 'pmigheli4x@facebook.com', '3906469257', '1456024411', 'lacus at velit vivamus vel nulla eget eros elementum pellentesque quisque porta'),
(179, 'Ainsley', 'Quintin', 'Goodyer', 'M', '887 Meadow Valley Plaza', 'qgoodyer4y@washingtonpost.com', '9945116059', '6017697714', 'tortor id nulla ultrices aliquet maecenas leo odio condimentum id luctus nec molestie'),
(180, 'Renado', 'Shelby', 'Kurth', 'F', '2811 Erie Parkway', 'skurth4z@salon.com', '2782623530', '9291262269', 'ipsum primis in faucibus orci luctus et ultrices posuere cubilia curae donec'),
(181, 'Nisse', 'Ber', 'Wallington', 'F', '08815 Boyd Drive', 'bwallington50@oaic.gov.au', '5989129593', '3674925700', 'morbi non lectus aliquam sit amet diam in magna bibendum imperdiet'),
(182, 'Sheilakathryn', 'Norene', 'Dunbar', 'M', '63251 Sachs Park', 'ndunbar51@woothemes.com', '8975875587', '8939907009', 'sit amet justo morbi ut odio cras mi pede malesuada in'),
(183, 'Geraldine', 'Traver', 'Pennington', 'F', '4 Mariners Cove Trail', 'tpennington52@patch.com', '9818247736', '6296665474', 'faucibus orci luctus et ultrices posuere cubilia curae nulla dapibus dolor vel est donec'),
(184, 'Bertrando', 'Quinlan', 'Beazleigh', 'F', '1588 Almo Avenue', 'qbeazleigh53@wix.com', '9933467721', '5978169507', 'tincidunt in leo maecenas pulvinar lobortis est phasellus sit amet erat nulla tempus'),
(185, 'Antin', 'Jacquie', 'Dingsdale', 'M', '86 Ruskin Pass', 'jdingsdale54@yale.edu', '8111130483', '9668507447', 'ut ultrices vel augue vestibulum ante ipsum primis in faucibus orci luctus et ultrices posuere'),
(186, 'Danika', 'Theo', 'Comerford', 'F', '8749 Toban Point', 'tcomerford55@jalbum.net', '4088373073', '9678977633', 'duis consequat dui nec nisi volutpat eleifend donec ut dolor morbi vel lectus'),
(187, 'Remington', 'Killie', 'Blench', 'F', '80987 Northwestern Pass', 'kblench56@wiley.com', '8054639069', '9391892423', 'vitae quam suspendisse potenti nullam porttitor lacus at turpis donec posuere metus vitae ipsum aliquam'),
(188, 'Toni', 'Annnora', 'Toohey', 'M', '209 Waubesa Park', 'atoohey57@phpbb.com', '1369473073', '8968638904', 'sit amet consectetuer adipiscing elit proin interdum mauris non ligula'),
(189, 'Terrence', 'Joella', 'Wisker', 'M', '74556 Buhler Avenue', 'jwisker58@hostgator.com', '5514633589', '1423115808', 'vestibulum ante ipsum primis in faucibus orci luctus et ultrices posuere cubilia curae duis'),
(190, 'Mil', 'Ronny', 'Beneix', 'F', '0403 Erie Circle', 'rbeneix59@japanpost.jp', '9065730909', '6469951521', 'vestibulum quam sapien varius ut blandit non interdum in ante vestibulum'),
(191, 'Charo', 'Bertina', 'Norster', 'F', '1869 Nobel Circle', 'bnorster5a@google.pl', '9122149885', '6701208362', 'massa volutpat convallis morbi odio odio elementum eu interdum eu'),
(192, 'Irvine', 'Kare', 'Greathead', 'F', '5 Burning Wood Avenue', 'kgreathead5b@live.com', '5983245492', '1642777016', 'at feugiat non pretium quis lectus suspendisse potenti in eleifend quam a odio'),
(193, 'Lilah', 'Beatrix', 'Shadrack', 'F', '6 Vahlen Alley', 'bshadrack5c@feedburner.com', '9404895696', '7389132982', 'morbi sem mauris laoreet ut rhoncus aliquet pulvinar sed nisl nunc rhoncus'),
(194, 'Corney', 'Nap', 'McRuvie', 'M', '8667 Sugar Parkway', 'nmcruvie5d@princeton.edu', '4015183781', '8652715012', 'dapibus dolor vel est donec odio justo sollicitudin ut suscipit a feugiat'),
(195, 'Tracie', 'Shela', 'Croy', 'F', '187 Alpine Road', 'scroy5e@geocities.com', '2188782866', '1406943275', 'integer non velit donec diam neque vestibulum eget vulputate ut'),
(196, 'Cordula', 'Sascha', 'Emlen', 'M', '8 Ludington Parkway', 'semlen5f@barnesandnoble.com', '8062173375', '9343282769', 'mauris viverra diam vitae quam suspendisse potenti nullam porttitor lacus at turpis donec posuere'),
(197, 'Vida', 'Adrianna', 'Giraldon', 'M', '58407 Michigan Alley', 'agiraldon5g@reference.com', '7548140127', '4872217841', 'morbi sem mauris laoreet ut rhoncus aliquet pulvinar sed nisl'),
(198, 'Rodrick', 'Eddy', 'Whiteson', 'M', '392 Hollow Ridge Place', 'ewhiteson5h@posterous.com', '1983962786', '7728150583', 'ipsum integer a nibh in quis justo maecenas rhoncus aliquam'),
(199, 'Clerc', 'Hurleigh', 'Sivier', 'M', '66 Raven Street', 'hsivier5i@bizjournals.com', '4394831558', '3071828298', 'semper est quam pharetra magna ac consequat metus sapien ut nunc vestibulum'),
(200, 'Granthem', 'Winnah', 'Jalland', 'F', '5055 Autumn Leaf Parkway', 'wjalland5j@google.cn', '5599761425', '7536830538', 'ut ultrices vel augue vestibulum ante ipsum primis in faucibus orci luctus et ultrices posuere');


INSERT INTO type_question (type_question_code , type_question_description , m_choice_or_f_text) VALUES
('TRUE_FALSE_QUEST','Pregunta de tipo verdadero o falso','M'),
('FOUR_OPTIO_QUEST','Pregunta con cuatro opciones','M'),
('FREE_TEXT_QUEST','Pregunta abierta','F'),
('M_CHOICE_N_F_TXT','Pregunta de opcion multiple con justificacion','B');


INSERT INTO subjects (subject_code , subject_name , subject_description) VALUES
(1, 'topicos', 'morbi ut odio cras mi pede malesuada in imperdiet et commodo vulputate justo in blandit ultrices'),
(2, 'english', 'lobortis est phasellus sit amet erat nulla tempus vivamus in felis eu sapien cursus'),
(3, 'comunicacion', 'suspendisse ornare consequat lectus in est risus auctor sed tristique in tempus sit amet sem fusce consequat nulla nisl'),
(4, 'administracion', 'vitae consectetuer eget rutrum at lorem integer tincidunt ante vel ipsum praesent blandit lacinia erat'),
(5, 'laboratorio', 'turpis eget elit sodales scelerisque mauris sit amet eros suspendisse');


INSERT INTO exams (exam_id , subject_code , exam_date , exam_name , exam_description) VALUES
(1, 2, '2022-05-28 23:36:47', 'augue a', 'nec molestie sed justo pellentesque viverra pede ac diam cras pellentesque'),
(2, 3, '2022-05-21 04:53:42', 'sed vel enim sit', 'lacinia sapien quis libero nullam sit amet turpis elementum ligula vehicula'),
(3, 4, '2022-02-22 16:34:33', 'ante nulla justo', 'turpis eget elit sodales scelerisque mauris sit amet eros suspendisse accumsan tortor quis'),
(4, 5, '2022-06-14 02:08:35', 'quis orci', 'ante vel ipsum praesent blandit lacinia erat vestibulum sed magna at nunc commodo placerat praesent blandit nam nulla'),
(5, 1, '2022-07-20 12:21:41', 'turpis donec posuere metus vitae', 'eu est congue elementum in hac habitasse platea dictumst morbi vestibulum velit id pretium iaculis diam erat');


INSERT INTO questions (question_id , type_question_code , question_text , choices , weight) VALUES
(1, 'FOUR_OPTIO_QUEST', '¿congue vivamus metus arcu adipiscing molestie hendrerit at vulputate vitae nisl?', ARRAY ['opcion1','opcion2','opcion3','opcion4'], 40),
(2, 'M_CHOICE_N_F_TXT', '¿accumsan tortor quis turpis sed ante vivamus tortor duis mattis egestas metus aenean fermentum donec ut?', ARRAY ['opcion1','opcion2','opcion3','opcion4'], 20),
(3, 'FOUR_OPTIO_QUEST', '¿velit id pretium iaculis diam erat fermentum justo nec condimentum neque sapien placerat ante?', ARRAY ['opcion1','opcion2','opcion3','opcion4'], 10),
(4, 'M_CHOICE_N_F_TXT', '¿suscipit a feugiat et eros vestibulum ac est lacinia nisi venenatis tristique fusce congue diam?', ARRAY ['opcion1','opcion2','opcion3','opcion4'], 11),
(5, 'TRUE_FALSE_QUEST', '¿nao exepto nie diesteco tal dum onei de atara mao se?',null, 30),
(6, 'TRUE_FALSE_QUEST', '¿nem su teina ane yule sabei za rute?',null, 12),
(7, 'FREE_TEXT_QUEST', '¿Como te llamas?', null, 5),
(8, 'FREE_TEXT_QUEST', '¿Tienes perros?', null, 40);


INSERT INTO questions_in_exams (exam_id , question_id) VALUES
(4, 1),
(3, 2),
(1, 3),
(4, 4),
(1, 5),
(2, 6),
(1, 7),
(5, 8),
(2, 1),
(4, 2),
(3, 3),
(1, 4),
(5, 5),
(1, 6),
(2, 7),
(3, 8);


INSERT INTO student_answers (student_answer_id , exam_id , question_id , student_id , date_of_answer , comments , student_answer_text) VALUES
(1, 4, 1, 1, '2022-12-22 10:14:07', 'nulla ac enim in tempor turpis nec euismod scelerisque quam turpis adipiscing lorem', 'opcion1'),
(2, 3, 2, 1, '2022-11-23 03:10:44', 'amet consectetuer', 'opcion2'),
(3, 4, 4, 1, '2022-07-12 02:22:34', 'viverra dapibus', 'opcion3'),
(4, 4, 1, 2, '2022-12-05 21:10:36', 'sapien a libero nam dui proin leo odio porttitor id consequat in consequat ut nulla sed accumsan felis ut at', 'opcion4'),
(5, 1, 3, 2, '2022-10-18 03:45:12', 'consequat nulla nisl nunc nisl duis', 'opcion1'),
(6, 3, 2, 2, '2022-05-19 03:37:14', 'elementum pellentesque quisque porta volutpat erat quisque erat eros viverra eget congue eget semper rutrum', 'opcion2'),
(7, 1, 4, 3, '2022-07-03 04:29:38', 'lectus suspendisse potenti in eleifend quam a odio', 'opcion3'),
(8, 1, 4, 4, '2022-08-11 04:25:13', 'morbi vel lectus in quam fringilla rhoncus mauris enim leo rhoncus sed vestibulum sit amet cursus id turpis integer aliquet', 'opcion4'),
(9, 3, 3, 1, '2022-02-28 21:02:06', 'iaculis congue vivamus metus arcu adipiscing molestie hendrerit at vulputate vitae nisl aenean lectus pellentesque eget nunc donec quis', 'opcion1'),
(10, 1, 4, 5, '2022-11-26 03:13:09', 'morbi porttitor lorem id ligula suspendisse ornare consequat', 'opcion2'),
(11, 3, 2, 3, '2022-03-06 06:02:24', 'nulla pede ullamcorper augue a suscipit nulla elit ac nulla', 'opcion3'),
(12, 1, 3, 3, '2022-08-31 03:30:54', 'elementum nullam varius nulla facilisi cras non velit nec nisi vulputate nonummy', 'opcion4'),
(13, 4, 2, 2, '2022-10-29 03:35:36', 'donec odio justo sollicitudin', 'opcion1'),
(14, 1, 3, 4, '2022-10-19 09:34:26', 'hac habitasse platea dictumst morbi vestibulum velit id pretium iaculis diam erat fermentum justo nec condimentum neque sapien placerat', 'opcion2'),
(15, 4, 1, 3, '2022-11-17 19:01:48', 'diam neque vestibulum eget vulputate ut ultrices vel augue vestibulum ante ipsum primis in faucibus orci luctus et ultrices posuere', 'opcion3'),
(16, 2, 1, 3, '2022-12-31 14:44:07', 'convallis duis consequat dui nec nisi volutpat eleifend donec ut dolor morbi vel lectus in quam fringilla rhoncus mauris', 'opcion4'),
(17, 1, 3, 5, '2023-12-01 21:07:30', 'ut odio cras mi pede malesuada in imperdiet et commodo', 'opcion1'),
(18, 4, 1, 4, '2022-11-25 06:18:51', 'sollicitudin mi sit amet lobortis sapien sapien non mi integer ac neque duis bibendum morbi non quam nec', 'opcion2'),
(19, 2, 1, 4, '2022-10-02 21:56:59', 'et magnis dis parturient montes nascetur ridiculus mus etiam vel augue vestibulum rutrum rutrum neque aenean', 'opcion3'),
(20, 1, 4, 5, '2022-11-01 04:48:33', 'justo', 'opcion1'),
(21, 2, 6, 1, '2022-10-01 04:48:33', 'qn sabe', 'False'),
(22, 1, 5, 1, '2022-12-01 04:48:33', 'waw', 'True'),
(23, 5, 5, 2, '2022-10-01 04:48:33', 'que', 'True'),
(24, 1, 6, 2, '2022-10-01 04:48:33', 'no estoy seguro', 'False'),
(25, 1, 5, 2, '2022-10-01 04:48:33', 'puede que si', 'False'),
(26, 5, 5, 1, '2022-10-01 04:48:33', 'nose', 'True'),
(27, 1, 6, 3, '2022-10-01 04:48:33', 'sabe', 'True'),
(28, 2, 7, 1, '2022-10-01 04:48:33', 'sabe', 'Pablo'),
(29, 3, 8, 2, '2022-10-01 04:48:33', 'sabe', 'Ernesto'),
(30, 1, 7, 3, '2022-11-01 04:48:33', 'sabe', 'Joel'),
(31, 5, 8, 4, '2022-11-01 04:48:33', 'sabe', 'Sebastian'),
(32, 2, 7, 5, '2022-11-01 04:48:33', 'sabe', 'WAWAWWA');

INSERT INTO valid_answers (valid_answer_id , question_id , valid_answer_text) VALUES
(1, 1, 'opcion1'),
(2, 2, 'opcion4'),
(3, 3, 'opcion2'),
(4, 4, 'opcion4'),
(5, 5, 'True'),
(6, 6, 'False'),
(7, 7, 'Ernesto'),
(8, 8, 'Aveces');


INSERT INTO student_assesments (student_answer_id, valid_answer_id, satisfactory, feedback, percent_score) VALUES
(1,1,True,'Correcto',100),
(2,2,False,'Incorrecto',0),
(3,4,False,'Incorrecto',0),
(5,3,False,'Incorrecto',0),
(6,2,False,'Incorrecto',0),
(14,3,False,'Incorrecto',0),
(15,1,False,'Incorrecto',0),
(16,1,False,'Incorrecto',0),
(4,1,False,'Incorrecto',0),
(8,4,True,'Correcto',100),
(22,5,True,'Correcto',100),
(29,8,False,'Incorrecto',0);
